{"error": false, "size": [1920, 1080], "name": "Dipintore dev", "version": "1.0", "location": {"label": {"start": ["game/script.rpy", 40], "content": ["game/script.rpy", 70], "canapa": ["game/script.rpy", 93], "cera": ["game/script.rpy", 165], "simbolismo": ["game/script.rpy", 271], "backtocontentmenu": ["game/script.rpy", 327], "congedo": ["game/script.rpy", 343]}, "define": {"config.check_conflicting_properties": ["game/gui.rpy", 17], "gui.accent_color": ["game/gui.rpy", 31], "gui.idle_color": ["game/gui.rpy", 35], "gui.idle_small_color": ["game/gui.rpy", 39], "gui.hover_color": ["game/gui.rpy", 42], "gui.selected_color": ["game/gui.rpy", 47], "gui.insensitive_color": ["game/gui.rpy", 50], "gui.muted_color": ["game/gui.rpy", 55], "gui.hover_muted_color": ["game/gui.rpy", 56], "gui.text_color": ["game/gui.rpy", 59], "gui.interface_text_color": ["game/gui.rpy", 60], "gui.text_font": ["game/gui.rpy", 66], "gui.name_text_font": ["game/gui.rpy", 69], "gui.interface_text_font": ["game/gui.rpy", 72], "gui.text_size": ["game/gui.rpy", 75], "gui.name_text_size": ["game/gui.rpy", 78], "gui.interface_text_size": ["game/gui.rpy", 81], "gui.label_text_size": ["game/gui.rpy", 84], "gui.notify_text_size": ["game/gui.rpy", 87], "gui.title_text_size": ["game/gui.rpy", 90], "gui.main_menu_background": ["game/gui.rpy", 96], "gui.game_menu_background": ["game/gui.rpy", 97], "gui.textbox_height": ["game/gui.rpy", 106], "gui.textbox_yalign": ["game/gui.rpy", 110], "gui.name_xpos": ["game/gui.rpy", 115], "gui.name_ypos": ["game/gui.rpy", 116], "gui.name_xalign": ["game/gui.rpy", 120], "gui.namebox_width": ["game/gui.rpy", 124], "gui.namebox_height": ["game/gui.rpy", 125], "gui.namebox_borders": ["game/gui.rpy", 129], "gui.namebox_tile": ["game/gui.rpy", 133], "gui.dialogue_xpos": ["game/gui.rpy", 139], "gui.dialogue_ypos": ["game/gui.rpy", 140], "gui.dialogue_width": ["game/gui.rpy", 143], "gui.dialogue_text_xalign": ["game/gui.rpy", 147], "gui.button_width": ["game/gui.rpy", 157], "gui.button_height": ["game/gui.rpy", 158], "gui.button_borders": ["game/gui.rpy", 162], "gui.button_tile": ["game/gui.rpy", 166], "gui.button_text_font": ["game/gui.rpy", 169], "gui.button_text_size": ["game/gui.rpy", 172], "gui.button_text_idle_color": ["game/gui.rpy", 175], "gui.button_text_hover_color": ["game/gui.rpy", 176], "gui.button_text_selected_color": ["game/gui.rpy", 177], "gui.button_text_insensitive_color": ["game/gui.rpy", 178], "gui.button_text_xalign": ["game/gui.rpy", 182], "gui.radio_button_borders": ["game/gui.rpy", 191], "gui.check_button_borders": ["game/gui.rpy", 193], "gui.confirm_button_text_xalign": ["game/gui.rpy", 195], "gui.page_button_borders": ["game/gui.rpy", 197], "gui.quick_button_borders": ["game/gui.rpy", 199], "gui.quick_button_text_size": ["game/gui.rpy", 200], "gui.quick_button_text_idle_color": ["game/gui.rpy", 201], "gui.quick_button_text_selected_color": ["game/gui.rpy", 202], "gui.choice_button_width": ["game/gui.rpy", 215], "gui.choice_button_height": ["game/gui.rpy", 216], "gui.choice_button_tile": ["game/gui.rpy", 217], "gui.choice_button_borders": ["game/gui.rpy", 218], "gui.choice_button_text_font": ["game/gui.rpy", 219], "gui.choice_button_text_size": ["game/gui.rpy", 220], "gui.choice_button_text_xalign": ["game/gui.rpy", 221], "gui.choice_button_text_idle_color": ["game/gui.rpy", 222], "gui.choice_button_text_hover_color": ["game/gui.rpy", 223], "gui.choice_button_text_insensitive_color": ["game/gui.rpy", 224], "gui.slot_button_width": ["game/gui.rpy", 234], "gui.slot_button_height": ["game/gui.rpy", 235], "gui.slot_button_borders": ["game/gui.rpy", 236], "gui.slot_button_text_size": ["game/gui.rpy", 237], "gui.slot_button_text_xalign": ["game/gui.rpy", 238], "gui.slot_button_text_idle_color": ["game/gui.rpy", 239], "gui.slot_button_text_selected_idle_color": ["game/gui.rpy", 240], "gui.slot_button_text_selected_hover_color": ["game/gui.rpy", 241], "config.thumbnail_width": ["game/gui.rpy", 244], "config.thumbnail_height": ["game/gui.rpy", 245], "gui.file_slot_cols": ["game/gui.rpy", 248], "gui.file_slot_rows": ["game/gui.rpy", 249], "gui.navigation_xpos": ["game/gui.rpy", 259], "gui.skip_ypos": ["game/gui.rpy", 262], "gui.notify_ypos": ["game/gui.rpy", 265], "gui.choice_spacing": ["game/gui.rpy", 268], "gui.navigation_spacing": ["game/gui.rpy", 271], "gui.pref_spacing": ["game/gui.rpy", 274], "gui.pref_button_spacing": ["game/gui.rpy", 277], "gui.page_spacing": ["game/gui.rpy", 280], "gui.slot_spacing": ["game/gui.rpy", 283], "gui.main_menu_text_xalign": ["game/gui.rpy", 286], "gui.frame_borders": ["game/gui.rpy", 296], "gui.confirm_frame_borders": ["game/gui.rpy", 299], "gui.skip_frame_borders": ["game/gui.rpy", 302], "gui.notify_frame_borders": ["game/gui.rpy", 305], "gui.frame_tile": ["game/gui.rpy", 308], "gui.bar_size": ["game/gui.rpy", 320], "gui.scrollbar_size": ["game/gui.rpy", 321], "gui.slider_size": ["game/gui.rpy", 322], "gui.bar_tile": ["game/gui.rpy", 326], "gui.scrollbar_tile": ["game/gui.rpy", 327], "gui.slider_tile": ["game/gui.rpy", 328], "gui.bar_borders": ["game/gui.rpy", 331], "gui.scrollbar_borders": ["game/gui.rpy", 332], "gui.slider_borders": ["game/gui.rpy", 333], "gui.vbar_borders": ["game/gui.rpy", 336], "gui.vscrollbar_borders": ["game/gui.rpy", 337], "gui.vslider_borders": ["game/gui.rpy", 338], "gui.unscrollable": ["game/gui.rpy", 342], "config.history_length": ["game/gui.rpy", 351], "gui.history_height": ["game/gui.rpy", 355], "gui.history_spacing": ["game/gui.rpy", 358], "gui.history_name_xpos": ["game/gui.rpy", 362], "gui.history_name_ypos": ["game/gui.rpy", 363], "gui.history_name_width": ["game/gui.rpy", 364], "gui.history_name_xalign": ["game/gui.rpy", 365], "gui.history_text_xpos": ["game/gui.rpy", 368], "gui.history_text_ypos": ["game/gui.rpy", 369], "gui.history_text_width": ["game/gui.rpy", 370], "gui.history_text_xalign": ["game/gui.rpy", 371], "gui.nvl_borders": ["game/gui.rpy", 379], "gui.nvl_list_length": ["game/gui.rpy", 383], "gui.nvl_height": ["game/gui.rpy", 387], "gui.nvl_spacing": ["game/gui.rpy", 391], "gui.nvl_name_xpos": ["game/gui.rpy", 395], "gui.nvl_name_ypos": ["game/gui.rpy", 396], "gui.nvl_name_width": ["game/gui.rpy", 397], "gui.nvl_name_xalign": ["game/gui.rpy", 398], "gui.nvl_text_xpos": ["game/gui.rpy", 401], "gui.nvl_text_ypos": ["game/gui.rpy", 402], "gui.nvl_text_width": ["game/gui.rpy", 403], "gui.nvl_text_xalign": ["game/gui.rpy", 404], "gui.nvl_thought_xpos": ["game/gui.rpy", 408], "gui.nvl_thought_ypos": ["game/gui.rpy", 409], "gui.nvl_thought_width": ["game/gui.rpy", 410], "gui.nvl_thought_xalign": ["game/gui.rpy", 411], "gui.nvl_button_xpos": ["game/gui.rpy", 414], "gui.nvl_button_xalign": ["game/gui.rpy", 415], "gui.language": ["game/gui.rpy", 425], "quick_menu": ["game/screens.rpy", 268], "gui.history_allow_tags": ["game/screens.rpy", 934], "config.nvl_list_length": ["game/screens.rpy", 1362], "bubble.frame": ["game/screens.rpy", 1471], "bubble.thoughtframe": ["game/screens.rpy", 1472], "bubble.properties": ["game/screens.rpy", 1474], "bubble.expand_area": ["game/screens.rpy", 1500], "config.developer": ["game/options.rpy", 9], "config.layers": ["game/options.rpy", 15], "config.name": ["game/options.rpy", 23], "gui.show_name": ["game/options.rpy", 29], "config.version": ["game/options.rpy", 34], "gui.about": ["game/options.rpy", 40], "build.name": ["game/options.rpy", 48], "config.has_sound": ["game/options.rpy", 57], "config.has_music": ["game/options.rpy", 58], "config.has_voice": ["game/options.rpy", 59], "config.enter_transition": ["game/options.rpy", 84], "config.exit_transition": ["game/options.rpy", 85], "config.intra_transition": ["game/options.rpy", 90], "config.after_load_transition": ["game/options.rpy", 95], "config.end_game_transition": ["game/options.rpy", 100], "config.window": ["game/options.rpy", 117], "config.window_show_transition": ["game/options.rpy", 122], "config.window_hide_transition": ["game/options.rpy", 123], "config.save_directory": ["game/options.rpy", 155], "config.window_icon": ["game/options.rpy", 162], "m": ["game/script.rpy", 5], "f": ["game/script.rpy", 6], "elena_xpos": ["game/script.rpy", 31], "elena_ypos": ["game/script.rpy", 32], "elena_zoom": ["game/script.rpy", 33], "leonardo_xpos": ["game/script.rpy", 35], "leonardo_ypos": ["game/script.rpy", 36], "leonardo_zoom": ["game/script.rpy", 37]}, "screen": {"say": ["game/screens.rpy", 98], "input": ["game/screens.rpy", 176], "choice": ["game/screens.rpy", 209], "quick_menu": ["game/screens.rpy", 1520], "navigation": ["game/screens.rpy", 289], "main_menu": ["game/screens.rpy", 352], "game_menu": ["game/screens.rpy", 417], "about": ["game/screens.rpy", 548], "save": ["game/screens.rpy", 588], "load": ["game/screens.rpy", 595], "file_slots": ["game/screens.rpy", 602], "preferences": ["game/screens.rpy", 731], "history": ["game/screens.rpy", 892], "help": ["game/screens.rpy", 982], "keyboard_help": ["game/screens.rpy", 1011], "mouse_help": ["game/screens.rpy", 1062], "gamepad_help": ["game/screens.rpy", 1085], "confirm": ["game/screens.rpy", 1150], "skip_indicator": ["game/screens.rpy", 1214], "notify": ["game/screens.rpy", 1270], "nvl": ["game/screens.rpy", 1309], "nvl_dialogue": ["game/screens.rpy", 1341], "bubble": ["game/screens.rpy", 1429]}, "transform": {"delayed_blink": ["game/screens.rpy", 1232], "notify_appear": ["game/screens.rpy", 1281]}, "callable": {"touch": ["game/gui.rpy", 437], "small": ["game/gui.rpy", 444]}}, "build": {"directory_name": "Dipintoredev-1.0", "executable_name": "Dipintoredev", "include_update": false, "packages": [{"name": "gameonly", "formats": ["null"], "file_lists": ["all"], "description": "Game-Only Update for Mobile", "update": true, "dlc": false, "hidden": true}, {"name": "pc", "formats": ["zip"], "file_lists": ["windows", "linux", "renpy", "all"], "description": "PC: Windows and Linux", "update": true, "dlc": false, "hidden": false}, {"name": "linux", "formats": ["tar.bz2"], "file_lists": ["linux", "linux_arm", "renpy", "all"], "description": "Linux", "update": true, "dlc": false, "hidden": false}, {"name": "mac", "formats": ["app-zip", "app-dmg"], "file_lists": ["mac", "renpy", "all"], "description": "Macintosh", "update": true, "dlc": false, "hidden": false}, {"name": "win", "formats": ["zip"], "file_lists": ["windows", "renpy", "all"], "description": "Windows", "update": true, "dlc": false, "hidden": false}, {"name": "market", "formats": ["bare-zip"], "file_lists": ["windows", "linux", "mac", "renpy", "all"], "description": "Windows, Mac, Linux for Markets", "update": true, "dlc": false, "hidden": false}, {"name": "steam", "formats": ["zip"], "file_lists": ["windows", "linux", "mac", "renpy", "all"], "description": "steam", "update": true, "dlc": false, "hidden": true}, {"name": "android", "formats": ["directory"], "file_lists": ["android", "all"], "description": "android", "update": false, "dlc": true, "hidden": true}, {"name": "ios", "formats": ["directory"], "file_lists": ["ios", "all"], "description": "ios", "update": false, "dlc": true, "hidden": true}, {"name": "web", "formats": ["zip"], "file_lists": ["web", "renpy", "all"], "description": "web", "update": false, "dlc": true, "hidden": true}], "archives": [["archive", ["all"]]], "documentation_patterns": ["*.html", "*.txt"], "base_patterns": [["*.py", null], ["*.sh", null], ["*.app/", null], ["*.dll", null], ["*.manifest", null], ["*.keystore", null], ["update.pem", null], ["lib/", null], ["renpy/", null], ["update/", null], ["common/", null], ["update/", null], ["old-game/", null], ["base/", null], ["icon.ico", null], ["icon.icns", null], ["project.json", null], ["log.txt", null], ["errors.txt", null], ["traceback.txt", null], ["image_cache.txt", null], ["text_overflow.txt", null], ["dialogue.txt", null], ["dialogue.tab", null], ["profile_screen.txt", null], ["files.txt", null], ["memory.txt", null], ["tmp/", null], ["game/saves/", null], ["game/bytecode.rpyb", null], ["archived/", null], ["launcherinfo.py", null], ["android.txt", null], ["game/presplash*.*", ["all"]], ["android.json", ["android"]], [".android.json", ["android"]], ["android-*.png", ["android"]], ["android-*.jpg", ["android"]], ["ouya_icon.png", null], ["ios-presplash.*", ["ios"]], ["ios-launchimage.png", null], ["ios-icon.png", null], ["web-presplash.png", ["web"]], ["web-presplash.jpg", ["web"]], ["web-presplash.webp", ["web"]], ["web-icon.png", ["web"]], ["progressive_download.txt", ["web"]], ["steam_appid.txt", null], ["game/cache/bytecode-39.rpyb", ["all"]], ["game/cache/bytecode-311.rpyb", ["web"]], ["game/cache/bytecode-*.rpyb", null], ["game/cache/build_info.json", null], ["game/cache/build_time.txt", null], ["**~", null], ["**.bak", null], ["**/.**", null], ["**/#**", null], ["**/thumbs.db", null], [".*", null], ["**", ["all"]]], "renpy_patterns": [["renpy/common/_compat/**", null], ["renpy/common/_roundrect/**", null], ["renpy/common/_outline/**", null], ["renpy/common/_theme**", null], ["lib/**/_ssl.*", null], ["renpy/**__pycache__/**.cpython-39.pyc", ["all"]], ["renpy/**__pycache__", ["all"]], ["**~", null], ["**/#*", null], ["**/.*", null], ["**.old", null], ["**.new", null], ["**.rpa", null], ["**/steam_appid.txt", null], ["renpy.py", ["all"]], ["renpy/", ["all"]], ["renpy/**.py", ["renpy"]], ["renpy/**.pxd", null], ["renpy/**.pxi", null], ["renpy/**.pyx", null], ["renpy/**.pyc", null], ["renpy/**.pyo", null], ["renpy/common/", ["all"]], ["renpy/common/_compat/**", ["renpy"]], ["renpy/common/**.rpy", ["renpy"]], ["renpy/common/**.rpym", ["renpy"]], ["renpy/common/_compat/**", ["renpy"]], ["renpy/common/**", ["all"]], ["renpy/**", ["all"]], ["lib/*/renpy", null], ["lib/*/renpy.exe", null], ["lib/*/pythonw.exe", null], ["lib/py2-*/", null], ["lib/py*-windows-i686/**", ["windows_i686"]], ["lib/py*-windows-x86_64/**", ["windows"]], ["lib/py*-linux-i686/**", ["linux_i686"]], ["lib/py*-linux-aarch64/**", ["linux_arm"]], ["lib/py*-linux-armv7l/**", ["linux_arm"]], ["lib/py*-linux-*/**", ["linux"]], ["lib/py*-mac-*/**", ["mac"]], ["lib/python2.*/**", null], ["lib/**", ["windows", "linux", "mac", "android", "ios"]], ["renpy.sh", ["linux", "mac"]]], "xbit_patterns": ["**.sh", "lib/py*-linux-*/*", "lib/py*-mac-*/*", "**.app/Contents/MacOS/*"], "version": "1.0", "display_name": "Dipintore dev", "exclude_empty_directories": true, "allow_integrated_gpu": true, "renpy": false, "script_version": true, "destination": "Dipintoredev-1.0-dists", "itch_channels": {"*-all.zip": "win-osx-linux", "*-market.zip": "win-osx-linux", "*-pc.zip": "win-linux", "*-win.zip": "win", "*-mac.zip": "osx", "*-linux.tar.bz2": "linux", "*-release.apk": "android"}, "mac_info_plist": {}, "merge": [["linux_i686", "linux"], ["windows_i686", "windows"]], "include_i686": true, "change_icon_i686": true, "android_permissions": [], "_sdk_fonts": false, "update_formats": ["rpu"], "info": {"info": {}, "time": 1718786648.7659361, "name": "Dipintore dev", "version": "1.0"}}}